year,parcel,date_ord,replicatewithinparcel,LAI,growthcycle,swardtype,phenologicalstage,lodging,yield,,,
2021,P1,1,1,0.5859,1,C,0,0,0.22,,,
2021,P1,1,2,0,1,A,0,0,0.1,,,
2021,P1,1,3,0.1757,1,A,0,0,0.05,,,
2021,P1,1,4,0.6595,1,A,0,0,0.48,,,
2021,P1,2,1,3.8414,1,A,1,0,2.16,,,
2021,P1,2,2,3.2448,1,A,1,0,1.34,,,
2021,P1,2,3,4.1139,1,A,1,0,2.27,,,
2021,P1,2,4,4.2454,1,B,1,0,2.85,,,
2021,P1,3,1,4.5808,1,A,1.5,0,3.38,,,
2021,P1,3,2,5.2113,1,C,1.5,0,3.09,,,
2021,P1,3,3,4.615,1,A,1.5,0,3.03,,,
2021,P1,3,4,4.0789,1,B,1.5,0,2.54,,,
2021,P1,4,1,5.501,1,A,2,0,4.41,,,
2021,P1,4,2,7.1077,1,B,2,0,5.91,,,
2021,P1,4,3,5.6298,1,A,2,0,4.74,,,
2021,P1,4,4,6.2571,1,B,2,0,4.63,,,
2021,P1,5,1,5.0827,1,A,3,0,3.07,,,
2021,P1,5,2,5.4746,1,B,3,0,5.52,,,
2021,P1,5,3,5.058,1,C,3,0,3.99,,,
2021,P1,5,4,5.8089,1,A,3,0,3.45,,,
2021,P1,6,1,5.2587,1,C,3,3,5.59,,,
2021,P1,6,2,5.7933,1,C,3,3,5.58,,,
2021,P1,6,3,5.9585,1,A,3,3,5.04,,,
2021,P1,6,4,5.6298,1,A,3,3,5,,,
2021,P1,7,1,7.0632,1,A,4,3,7.21,,,
2021,P1,7,2,7.8593,1,C,4,3,8.42,,,
2021,P1,7,3,5.3423,1,C,4,3,4.88,,,
2021,P1,7,4,6.1086,1,B,4,3,4.53,,,
2021,P1,8,1,0.7331,2,A,0,0,0.34,,,
2021,P1,8,2,0.6398,2,A,0,0,0.12,,,
2021,P1,8,3,1.0087,2,A,0,0,0.48,,,
2021,P1,8,4,0.9864,2,A,0,0,0.17,,,
2021,P1,9,1,1.986,2,B,0,0,0.98,,,
2021,P1,9,2,1.765,2,B,0,0,0.47,,,
2021,P1,9,3,1.7432,2,C,0,0,0.37,,,
2021,P1,9,4,2.2016,2,A,0,0,0.85,,,
2021,P1,10,1,1.9997,2,A,0,0,0.33,,,
2021,P1,10,2,2.171,2,A,0,0,0.84,,,
2021,P1,10,3,2.8397,2,A,0,0,1.15,,,
2021,P1,10,4,3.1771,2,B,0,0,1.54,,,
2021,P1,11,1,3.5604,2,A,1,0,1.83,,,
2021,P1,11,2,6.3346,2,C,1,0,3.35,,,
2021,P1,11,3,4.063,2,A,1,0,3.3,,,
2021,P1,11,4,3.8619,2,A,1,0,1.93,,,
2021,P1,12,1,5.1325,2,A,2,1,4.04,,,
2021,P1,12,2,5.6171,2,A,2,1,2.72,,,
2021,P1,12,3,5.9958,2,A,2,1,2.36,,,
2021,P1,12,4,3.4906,2,A,2,1,2.75,,,
2021,P1,13,1,4.6733,2,A,3,2,2.96,,,
2021,P1,13,2,4.3624,2,A,3,2,3.71,,,
2021,P1,13,3,5.9102,2,A,3,2,5.22,,,
2021,P1,13,4,6.2499,2,A,3,2,5.33,,,
2021,P1,14,1,1.361,3,A,0,0,0.18,,,
2021,P1,14,2,0.675,3,A,0,0,0.25,,,
2021,P1,14,3,1.2332,3,A,0,0,0.36,,,
2021,P1,14,4,1.454,3,A,0,0,0.58,,,
2021,P1,15,1,1.1091,3,A,0,0,0.48,,,
2021,P1,15,2,1.1835,3,B,0,0,0.68,,,
2021,P1,15,3,1.7799,3,A,0,0,0.74,,,
2021,P1,15,4,1.9991,3,A,0,0,1.08,,,
2021,P1,16,1,2.084,3,A,0,0,1.27,,,
2021,P1,16,2,2.2145,3,A,0,0,1.49,,,
2021,P1,16,3,2.859,3,A,0,0,1,,,
2021,P1,16,4,2.7326,3,B,0,0,0.98,,,
2021,P1,17,1,3.8226,3,A,0,1,1.92,,,
2021,P1,17,2,3.7974,3,B,0,1,2.52,,,
2021,P1,17,3,3.1303,3,A,0,1,2.06,,,
2021,P1,17,4,3.8058,3,B,0,1,1.77,,,
2021,P2,1,1,0.982,1,A,0,0,0.65,,,
2021,P2,1,2,0.5683,1,A,0,0,0.63,,,
2021,P2,1,3,0.2375,1,A,0,0,0.28,,,
2021,P2,1,4,0.4693,1,A,0,0,0.41,,,
2021,P2,2,1,3.5387,1,A,1,0,2.72,,,
2021,P2,2,2,3.7583,1,A,1,0,1.84,,,
2021,P2,2,3,3.1111,1,A,1,0,1.94,,,
2021,P2,2,4,2.7896,1,A,0,0,1.52,,,
2021,P2,3,1,4.9317,1,A,1.5,0,2.91,,,
2021,P2,3,2,7.2501,1,A,1.5,0,3.28,,,
2021,P2,3,3,3.159,1,A,1.5,0,2.18,,,
2021,P2,3,4,2.2671,1,A,1.5,0,1.57,,,
2021,P2,4,1,5.0031,1,A,2,0,5.82,,,
2021,P2,4,2,4.0953,1,A,2,0,4.2,,,
2021,P2,4,3,5.3297,1,A,2,0,3.42,,,
2021,P2,4,4,6.794,1,A,2,0,4.74,,,
2021,P2,5,1,6.1149,1,A,3,0,5.48,,,
2021,P2,5,2,3.6811,1,A,3,0,3.04,,,
2021,P2,5,3,4.1724,1,A,3,0,4.29,,,
2021,P2,5,4,6.3036,1,A,3,0,4.91,,,
2021,P2,6,1,5.8752,1,A,3,2,7.07,,,
2021,P2,6,2,4.5896,1,A,3,2,5.25,,,
2021,P2,6,3,5.7795,1,A,3,2,6.29,,,
2021,P2,6,4,5.3261,1,A,3,2,5.12,,,
2021,P2,7,1,5.4435,1,A,4,3,7.93,,,
2021,P2,7,2,4.9642,1,A,4,3,5.39,,,
2021,P2,7,3,4.566,1,A,4,3,3.98,,,
2021,P2,7,4,4.3619,1,A,4,3,10.5,,,
2021,P2,8,1,0.4048,2,A,0,0,0.34,,,
2021,P2,8,2,0.673,2,A,0,0,0.09,,,
2021,P2,8,3,0.4764,2,A,0,0,0.13,,,
2021,P2,8,4,0.2651,2,A,0,0,0.04,,,
2021,P2,9,1,1.2677,2,A,0,0,0.59,,,
2021,P2,9,2,1.4142,2,A,0,0,0.48,,,
2021,P2,9,3,0.3793,2,A,0,0,0.08,,,
2021,P2,9,4,0.2414,2,A,0,0,0.02,,,
2021,P2,10,1,0.9534,2,A,0,0,0.6,,,
2021,P2,10,2,1.2696,2,A,0,0,0.04,,,
2021,P2,10,3,0.8853,2,A,0,0,0.19,,,
2021,P2,10,4,0.7715,2,A,0,0,0.12,,,
2021,P2,11,1,4.3009,2,A,1,0,2.39,,,
2021,P2,11,2,3.0515,2,A,1,0,1.75,,,
2021,P2,11,3,2.4655,2,A,1,0,0.98,,,
2021,P2,11,4,1.7812,2,A,1,0,0.64,,,
2021,P2,12,1,5.831,2,A,2,0,4.21,,,
2021,P2,12,2,5.5691,2,A,2,0,2.57,,,
2021,P2,12,3,4.3146,2,A,2,0,2.49,,,
2021,P2,12,4,7.2951,2,A,2,0,3.56,,,
2021,P2,13,1,5.9562,2,A,3,0,2.88,,,
2021,P2,13,2,5.3152,2,A,3,0,3.93,,,
2021,P2,13,3,5.297,2,A,3,0,3.83,,,
2021,P2,13,4,5.809,2,A,3,0,5.52,,,
2021,P2,14,1,0.5104,3,A,0,0,0.22,,,
2021,P2,14,2,0.9843,3,A,0,0,0.3,,,
2021,P2,14,3,0.5102,3,A,0,0,0.07,,,
2021,P2,14,4,0.6306,3,A,0,0,0.08,,,
2021,P2,15,1,0.6881,3,A,0,0,0.23,,,
2021,P2,15,2,0.8844,3,A,0,0,0.31,,,
2021,P2,15,3,0.4147,3,A,0,0,0.18,,,
2021,P2,15,4,0.3883,3,A,0,0,0.23,,,
2021,P2,16,1,1.3581,3,A,0,0,0.53,,,
2021,P2,16,2,1.4674,3,A,0,0,0.84,,,
2021,P2,16,3,0.9865,3,A,0,0,0.53,,,
2021,P2,16,4,1.072,3,A,0,0,0.7,,,
2021,P2,17,1,2.266,3,A,0,0,0.66,,,
2021,P2,17,2,1.558,3,A,0,0,0.93,,,
2021,P2,17,3,1.3299,3,A,0,0,0.51,,,
2021,P2,17,4,2.4034,3,A,0,0,0.89,,,
2021,P3,1,1,0.4381,1,B,0,0,0.1,,,
2021,P3,1,2,0,1,A,0,0,0.03,,,
2021,P3,1,3,0.3691,1,C,0,0,0.02,,,
2021,P3,1,4,0,1,B,0,0,0.16,,,
2021,P3,2,1,0.9354,1,B,0,0,0.19,,,
2021,P3,2,2,0.4856,1,C,0,0,0.41,,,
2021,P3,2,3,0.7673,1,B,0,0,0.31,,,
2021,P3,2,4,1.1173,1,B,0,0,0.51,,,
2021,P3,3,1,1.6902,1,A,0,0,0.59,,,
2021,P3,3,2,1.6381,1,B,0,0,0.77,,,
2021,P3,3,3,1.6714,1,C,0,0,0.39,,,
2021,P3,3,4,1.311,1,A,0,0,0.72,,,
2021,P3,4,1,3.9245,1,B,0,0,1.57,,,
2021,P3,4,2,3.9375,1,C,0,0,1.25,,,
2021,P3,4,3,3.6668,1,B,0,0,1.22,,,
2021,P3,4,4,2.3922,1,A,0,0,0.83,,,
2021,P3,5,1,6.0798,1,B,1,0,2.17,,,
2021,P3,5,2,3.4497,1,B,1,0,1.26,,,
2021,P3,5,3,4.1855,1,C,1,0,1.87,,,
2021,P3,5,4,3.1143,1,B,1,0,1.65,,,
2021,P3,6,1,4.4458,1,B,1,0,1.85,,,
2021,P3,6,2,5.1165,1,C,1,0,2.27,,,
2021,P3,6,3,3.8997,1,A,1,0,1.88,,,
2021,P3,6,4,4.077,1,C,1,0,2.78,,,
2021,P3,7,1,6.4679,1,A,2,0,4.31,,,
2021,P3,7,2,5.2058,1,B,2,0,3.79,,,
2021,P3,7,3,5.4432,1,C,2,0,3.4,,,
2021,P3,7,4,5.578,1,A,2,0,3.57,,,
2021,P3,8,1,4.2364,1,B,4,0,2.59,,,
2021,P3,8,2,5.8723,1,B,4,0,3.48,,,
2021,P3,8,3,6.1047,1,C,4,0,5.47,,,
2021,P3,8,4,7.7629,1,B,4,0,5.64,,,
2021,P3,9,1,6.5727,1,A,5,1,5.7,,,
2021,P3,9,2,6.5355,1,A,5,1,5.54,,,
2021,P3,9,3,5.7231,1,A,5,1,4.52,,,
2021,P3,9,4,9.3571,1,A,5,1,5.88,,,
2021,P3,10,1,0.3454,2,A,0,0,0.1,,,
2021,P3,10,2,0.2584,2,A,0,0,0.17,,,
2021,P3,10,3,0.0824,2,A,0,0,0.04,,,
2021,P3,10,4,0.5942,2,A,0,0,0.04,,,
2021,P3,11,1,0.8316,2,B,0,0,0.2,,,
2021,P3,11,2,1.4312,2,B,0,0,0.66,,,
2021,P3,11,3,1.1877,2,B,0,0,0.45,,,
2021,P3,11,4,1.1431,2,B,0,0,0.08,,,
2021,P3,12,1,4.2991,2,C,0,0,1.32,,,
2021,P3,12,2,3.775,2,C,0,0,1.25,,,
2021,P3,12,3,3.9302,2,B,0,0,1.72,,,
2021,P3,12,4,4.0384,2,B,0,0,1.5,,,
2021,P3,13,1,4.3492,2,B,1,0,1.28,,,
2021,P3,13,2,7.3802,2,C,1,0,1.71,,,
2021,P3,13,3,5.0691,2,A,1,0,1.83,,,
2021,P3,13,4,4.8334,2,B,1,0,1.56,,,
2021,P3,14,1,5.1822,2,B,2,0,2.5,,,
2021,P3,14,2,6.2073,2,C,2,0,2.66,,,
2021,P3,14,3,3.9848,2,B,2,0,1.6,,,
2021,P3,14,4,6.0162,2,B,2,0,2.59,,,
2021,P3,15,1,0.5641,3,B,0,0,0.16,,,
2021,P3,15,2,0.7963,3,B,0,0,0.24,,,
2021,P3,15,3,0.5183,3,B,0,0,0.15,,,
2021,P3,15,4,0.2916,3,A,0,0,0.14,,,
2021,P3,16,1,0.8369,3,B,0,0,0.28,,,
2021,P3,16,2,1.4091,3,C,0,0,0.43,,,
2021,P3,16,3,1.0834,3,D,0,0,0.34,,,
2021,P3,16,4,2.4856,3,C,0,0,0.54,,,
2021,P3,17,1,0.2425,3,B,0,0,0.16,,,
2021,P3,17,2,0.1184,3,C,0,0,0.11,,,
2021,P3,17,3,0.264,3,B,0,0,0.1,,,
2021,P3,17,4,0.17,3,B,0,0,0.34,,,
2021,P4,1,1,0.3124,1,B,0,0,0.08,,,
2021,P4,1,2,0.6898,1,A,0,0,0,,,
2021,P4,1,3,0.5294,1,B,0,0,0.09,,,
2021,P4,1,4,0.5906,1,A,0,0,0.04,,,
2021,P4,2,1,1.0491,1,A,0,0,0.39,,,
2021,P4,2,2,1.0695,1,A,0,0,0.34,,,
2021,P4,2,3,1.0022,1,A,0,0,0.61,,,
2021,P4,2,4,1.1477,1,A,0,0,0.76,,,
2021,P4,3,1,1.8276,1,A,0,0,0.75,,,
2021,P4,3,2,3.1258,1,A,0,0,1.05,,,
2021,P4,3,3,2.418,1,C,0,0,0.95,,,
2021,P4,3,4,2.3367,1,B,0,0,0.61,,,
2021,P4,4,1,2.4728,1,A,0,0,1.21,,,
2021,P4,4,2,2.2137,1,B,0,0,1.11,,,
2021,P4,4,3,2.3367,1,A,0,0,1.28,,,
2021,P4,4,4,3.5909,1,A,0,0,1.53,,,
2021,P4,5,1,4.34,1,A,1,0,1.55,,,
2021,P4,5,2,4.015,1,A,1,0,0.76,,,
2021,P4,5,3,4.359,1,A,1,0,1.85,,,
2021,P4,5,4,3.4538,1,A,1,0,1.99,,,
2021,P4,6,1,6.5544,1,A,2,0,3.35,,,
2021,P4,6,2,5.1221,1,A,2,0,3.04,,,
2021,P4,6,3,4.7036,1,A,2,0,2.76,,,
2021,P4,6,4,4.204,1,A,2,0,3.07,,,
2021,P4,7,1,5.6739,1,B,2,0,2.44,,,
2021,P4,7,2,5.1961,1,A,2,0,3.79,,,
2021,P4,7,3,6.0513,1,A,2,0,3.32,,,
2021,P4,7,4,6.3191,1,A,2,0,3.46,,,
2021,P4,8,1,6.8888,1,A,4,0,4.66,,,
2021,P4,8,2,6.9447,1,A,4,0,4.31,,,
2021,P4,8,3,6.6144,1,A,4,0,4.89,,,
2021,P4,8,4,6.6022,1,A,4,0,4.86,,,
2021,P4,9,1,5.674,1,B,5,2,4.33,,,
2021,P4,9,2,7.5954,1,A,5,2,5.78,,,
2021,P4,9,3,6.3915,1,A,5,2,5.53,,,
2021,P4,9,4,6.3902,1,A,5,2,4.1,,,
2021,P4,10,1,0.1577,2,A,0,0,0.04,,,
2021,P4,10,2,0.5137,2,A,0,0,0.05,,,
2021,P4,10,3,0.3335,2,B,0,0,0.08,,,
2021,P4,10,4,0.2904,2,A,0,0,0.1,,,
2021,P4,11,1,1.9243,2,C,0,0,0.74,,,
2021,P4,11,2,1.7405,2,C,0,0,0.3,,,
2021,P4,11,3,1.2056,2,A,0,0,0.16,,,
2021,P4,11,4,1.56,2,B,0,0,0.35,,,
2021,P4,12,1,2.0391,2,A,1,0,1.31,,,
2021,P4,12,2,3.1182,2,C,1,0,1.27,,,
2021,P4,12,3,3.8729,2,B,1,0,1.12,,,
2021,P4,12,4,2.764,2,B,1,0,1.05,,,
2021,P4,13,1,5.186,2,C,2,0,2.77,,,
2021,P4,13,2,6.3503,2,A,2,0,2.17,,,
2021,P4,13,3,5.5351,2,A,2,0,2.27,,,
2021,P4,13,4,6.0304,2,A,2,0,2.63,,,
2021,P4,14,1,1.2452,3,B,0,0,0.3,,,
2021,P4,14,2,1.2969,3,B,0,0,0.43,,,
2021,P4,14,3,1.2003,3,A,0,0,0.45,,,
2021,P4,14,4,0.8335,3,B,0,0,0.26,,,
2021,P4,15,1,3.0062,3,A,0,0,0.97,,,
2021,P4,15,2,2.8284,3,B,0,0,1,,,
2021,P4,15,3,3.7611,3,A,0,0,1.13,,,
2021,P4,15,4,3.1463,3,C,0,0,0.87,,,
2021,P4,16,1,2.8582,3,C,1,0,1.42,,,
2021,P4,16,2,4.1512,3,C,1,0,1.76,,,
2021,P4,16,3,1.7105,3,A,1,0,0.51,,,
2021,P4,16,4,4.4669,3,B,1,0,1.39,,,
2021,P4,17,1,2.0902,3,B,1,0,1.15,,,
2021,P4,17,2,4.4345,3,C,1,0,1.93,,,
2021,P4,17,3,3.7074,3,A,1,0,2.05,,,
2021,P4,17,4,3.1563,3,C,1,0,1.45,,,
2021,P4,18,1,0.3351,4,B,0,0,0.31,,,
2021,P4,18,2,0.3507,4,A,0,0,0.24,,,
2021,P4,18,3,0.2482,4,A,0,0,0.2,,,
2021,P4,18,4,0.2515,4,A,0,0,0.12,,,
2021,P5,1,1,1.5151,1,A,0,0,0.52,,,
2021,P5,1,2,0.5547,1,A,0,0,0.38,,,
2021,P5,1,3,0.5249,1,A,0,0,0.16,,,
2021,P5,1,4,0.497,1,B,0,0,0.46,,,
2021,P5,2,1,0.3824,1,C,0,0,0.17,,,
2021,P5,2,2,0.724,1,B,0,0,0.31,,,
2021,P5,2,3,0.4573,1,C,0,0,0.24,,,
2021,P5,2,4,0.2262,1,C,0,0,0.88,,,
2021,P5,3,1,3.6858,1,B,0,0,1.62,,,
2021,P5,3,2,2.8189,1,C,0,0,1.43,,,
2021,P5,3,3,2.8254,1,C,0,0,1.42,,,
2021,P5,3,4,3.7365,1,C,0,0,1.97,,,
2021,P5,4,1,5.1791,1,B,0,0,1.9,,,
2021,P5,4,2,4.6575,1,A,0,0,1.82,,,
2021,P5,4,3,3.7971,1,C,0,0,1.69,,,
2021,P5,4,4,3.6983,1,A,0,0,1.48,,,
2021,P5,5,1,5.5616,1,B,1.5,0,3.47,,,
2021,P5,5,2,6.5778,1,A,1.5,0,3.16,,,
2021,P5,5,3,6.7085,1,A,1.5,0,2.27,,,
2021,P5,5,4,6.2838,1,C,1.5,0,2.79,,,
2021,P5,6,1,5.3608,1,B,2,0,4.23,,,
2021,P5,6,2,6.0766,1,A,2,0,5.29,,,
2021,P5,6,3,5.4589,1,A,2,0,4.41,,,
2021,P5,6,4,5.0247,1,C,2,0,4.41,,,
2021,P5,7,1,6.6977,1,A,3,0,3.8,,,
2021,P5,7,2,6.8508,1,B,3,0,4.14,,,
2021,P5,7,3,6.4676,1,C,3,0,2.97,,,
2021,P5,7,4,7.355,1,A,3,0,4.6,,,
2021,P5,8,1,6.6938,1,B,4,2,5.47,,,
2021,P5,8,2,6.0578,1,B,4,2,2.31,,,
2021,P5,8,3,4.9568,1,A,4,2,5.88,,,
2021,P5,8,4,4.9813,1,A,4,2,4.69,,,
2021,P5,9,1,1.8065,2,D,0,0,0.74,,,
2021,P5,9,2,2.3134,2,A,0,0,0.5,,,
2021,P5,9,3,3.423,2,B,0,0,0.57,,,
2021,P5,9,4,1.9362,2,B,0,0,0.36,,,
2021,P5,10,1,3.7036,2,C,1,2,1.7,,,
2021,P5,10,2,6.1812,2,A,1,2,1.65,,,
2021,P5,10,3,6.6119,2,C,1,2,2.29,,,
2021,P5,10,4,3.7372,2,B,1,2,1.44,,,
2021,P5,11,1,4.7987,2,A,1,2,2.3,,,
2021,P5,11,2,5.0516,2,A,1,2,2,,,
2021,P5,11,3,6.0814,2,D,1,2,2.88,,,
2021,P5,11,4,4.9804,2,B,1,2,2.55,,,
2021,P5,12,1,9.1835,2,B,1,3,3.06,,,
2021,P5,12,2,7.5925,2,A,1,3,2.73,,,
2021,P5,12,3,5.6062,2,C,1,3,2.86,,,
2021,P5,12,4,5.6626,2,B,1,3,1.78,,,
2021,P5,13,1,1.1956,3,D,0,0,0.4,,,
2021,P5,13,2,1.359,3,A,0,0,0.37,,,
2021,P5,13,3,1.2954,3,C,0,0,0.28,,,
2021,P5,13,4,1.4756,3,B,0,0,0.29,,,
2021,P5,14,1,2.2419,3,C,0,0,0.5,,,
2021,P5,14,2,3.4305,3,B,0,0,0.59,,,
2021,P5,14,3,3.3411,3,C,0,0,0.66,,,
2021,P5,14,4,2.5796,3,C,0,0,0.73,,,
2021,P5,15,1,7.044,3,C,1,0,2.15,,,
2021,P5,15,2,7.3365,3,C,1,0,1.64,,,
2021,P5,15,3,6.4083,3,C,1,0,1.96,,,
2021,P5,15,4,6.834,3,B,1,0,3.03,,,
2021,P5,16,1,0.248,4,B,0,0,0.21,,,
2021,P5,16,2,0.2496,4,B,0,0,0.15,,,
2021,P5,16,3,0.1296,4,B,0,0,0.14,,,
2021,P5,16,4,0.364,4,B,0,0,0.38,,,
2021,P5,17,1,0.46,4,B,0,0,0.29,,,
2021,P5,17,2,0.1394,4,A,0,0,0.15,,,
2021,P5,17,3,0.1667,4,A,0,0,0.04,,,
2021,P5,17,4,0.2944,4,B,0,0,0.14,,,
2021,P6,1,1,1.4077,1,A,0,0,0.72,,,
2021,P6,1,2,0.6697,1,B,0,0,0.15,,,
2021,P6,1,3,0.6005,1,C,0,0,0.19,,,
2021,P6,1,4,0.2074,1,B,0,0,0.08,,,
2021,P6,2,1,1.037,1,B,0,0,1.29,,,
2021,P6,2,2,0.6891,1,D,0,0,0.44,,,
2021,P6,2,3,1.017,1,A,0,0,0.5,,,
2021,P6,2,4,0.6648,1,B,0,0,0.65,,,
2021,P6,3,1,2.181,1,B,0,0,1.48,,,
2021,P6,3,2,4.267,1,D,0,0,2.13,,,
2021,P6,3,3,4.375,1,B,0,0,1.75,,,
2021,P6,3,4,3.5163,1,B,0,0,2.1,,,
2021,P6,4,1,3.8013,1,B,1,0,1.92,,,
2021,P6,4,2,4.7195,1,A,1,0,3.14,,,
2021,P6,4,3,3.5345,1,A,1,0,2.17,,,
2021,P6,4,4,3.922,1,A,1,0,2.53,,,
2021,P6,5,1,4.0055,1,A,1.5,0,2.7,,,
2021,P6,5,2,4.8557,1,B,1.5,0,3.29,,,
2021,P6,5,3,5.5026,1,A,1.5,0,3.88,,,
2021,P6,5,4,4.2961,1,A,1.5,0,3.03,,,
2021,P6,6,1,5.6966,1,B,2.5,0,4.87,,,
2021,P6,6,2,4.1075,1,A,2.5,0,3.79,,,
2021,P6,6,3,6.4117,1,A,2.5,0,4.5,,,
2021,P6,6,4,5.0999,1,A,2.5,0,4.28,,,
2021,P6,7,1,1.9845,2,A,0,0,0.56,,,
2021,P6,7,2,1.2562,2,A,0,0,0.53,,,
2021,P6,7,3,1.3628,2,A,0,0,0.34,,,
2021,P6,7,4,1.9144,2,B,0,0,0.45,,,
2021,P6,8,1,3.3109,2,B,0,0,1.35,,,
2021,P6,8,2,5.2814,2,A,1,0,2,,,
2021,P6,8,3,2.6822,2,B,0,0,1.29,,,
2021,P6,8,4,2.9055,2,A,0,0,1.42,,,
2021,P6,9,1,3.2796,2,A,1,0,1.02,,,
2021,P6,9,2,6.2332,2,A,1,0,2.89,,,
2021,P6,9,3,2.6218,2,A,1,0,1.11,,,
2021,P6,9,4,5.4922,2,A,1,0,2.26,,,
2021,P6,10,1,3.8326,2,A,1,0,1.68,,,
2021,P6,10,2,3.022,2,A,1,0,1.68,,,
2021,P6,10,3,6.3048,2,A,1,0,3.43,,,
2021,P6,10,4,3.7893,2,A,1,0,2.21,,,
2021,P6,11,1,1.9005,3,A,1,0,0.83,,,
2021,P6,11,2,1.7589,3,A,1,0,0.68,,,
2021,P6,11,3,1.6478,3,A,1,0,0.66,,,
2021,P6,11,4,1.2334,3,A,1,0,0.42,,,
2021,P6,12,1,3.3235,3,B,0,0,1.14,,,
2021,P6,12,2,5.0361,3,D,0,0,1.45,,,
2021,P6,12,3,4.4056,3,C,0,0,1.74,,,
2021,P6,12,4,3.6167,3,A,0,0,1.25,,,
2021,P6,13,1,5.9094,3,A,1,0,1.92,,,
2021,P6,13,2,5.3383,3,A,1,0,1.87,,,
2021,P6,13,3,2.7836,3,A,1,0,1.06,,,
2021,P6,13,4,6.8238,3,A,1,0,1.92,,,
2021,P6,14,1,1.4986,4,A,0,0,1.02,,,
2021,P6,14,2,1.4659,4,A,0,0,0.55,,,
2021,P6,14,3,1.1867,4,A,0,0,0.64,,,
2021,P6,14,4,0.9099,4,A,0,0,0.25,,,
2021,P6,15,1,1.5306,4,A,0,0,0.57,,,
2021,P6,15,2,2.6902,4,B,0,0,1.12,,,
2021,P6,15,3,0.7893,4,C,0,0,0.34,,,
2021,P6,15,4,0.6612,4,A,0,0,0.42,,,
2021,P6,16,1,0.6451,4,A,0,0,0.28,,,
2021,P6,16,2,0.567,4,A,0,0,0.43,,,
2021,P6,16,3,0.6955,4,C,0,0,0.21,,,
2021,P6,16,4,0.4589,4,B,0,0,0.11,,,
2021,P6,17,1,0.6436,4,B,0,0,0.35,,,
2021,P6,17,2,0.6241,4,A,0,0,0.83,,,
2021,P6,17,3,0.7119,4,A,0,0,0.24,,,
2021,P6,17,4,0.8967,4,B,0,0,0.52,,,
2021,P7,1,1,0.6796,1,A,0,0,1.13,,,
2021,P7,1,2,0.8013,1,A,0,0,1.69,,,
2021,P7,1,3,1.3416,1,A,0,0,1.75,,,
2021,P7,1,4,0.9897,1,B,0,0,1.8,,,
2021,P7,2,1,1.2404,1,A,0,0,1.24,,,
2021,P7,2,2,1.0338,1,A,0,0,1.34,,,
2021,P7,2,3,2.2336,1,A,0,0,2.25,,,
2021,P7,2,4,2.3112,1,A,0,0,1.25,,,
2021,P7,3,1,3.1968,1,A,1,0,3.15,,,
2021,P7,3,2,3.0882,1,B,1,0,2.37,,,
2021,P7,3,3,4.492,1,A,1,0,3.75,,,
2021,P7,3,4,2.5105,1,B,1,0,2.32,,,
2021,P7,4,1,3.7342,1,A,2,0,4.2,,,
2021,P7,4,2,3.6691,1,A,2,0,3.56,,,
2021,P7,4,3,4.5118,1,A,2,0,3.57,,,
2021,P7,4,4,2.8583,1,A,2,0,2.39,,,
2021,P7,5,1,3.8526,1,A,2.5,0,3.17,,,
2021,P7,5,2,4.0604,1,A,2.5,0,2.86,,,
2021,P7,5,3,3.142,1,A,2.5,0,2.98,,,
2021,P7,5,4,3.1275,1,A,2.5,0,4.01,,,
2021,P7,6,1,3.9851,1,A,3,0,4.67,,,
2021,P7,6,2,3.6869,1,A,3,0,4.79,,,
2021,P7,6,3,4.2931,1,A,3,0,3.97,,,
2021,P7,6,4,3.9336,1,A,3,0,4.31,,,
2021,P7,7,1,0.5517,2,A,0,0,0.7,,,
2021,P7,7,2,0.8166,2,A,0,0,0.14,,,
2021,P7,7,3,0.8445,2,A,0,0,0.1,,,
2021,P7,7,4,1.301,2,A,0,0,0.25,,,
2021,P7,8,1,4.0257,2,B,0,0,1.42,,,
2021,P7,8,2,2.9589,2,A,0,0,1.14,,,
2021,P7,8,3,3.2929,2,B,0.5,0,1.61,,,
2021,P7,8,4,3.544,2,A,1,0,1.55,,,
2021,P7,9,1,4.0842,2,A,1,0,1.52,,,
2021,P7,9,2,3.9168,2,A,1,0,0.88,,,
2021,P7,9,3,5.2887,2,A,1,0,1.88,,,
2021,P7,9,4,3.0645,2,A,1,0,0.72,,,
2021,P7,10,1,4.0539,2,A,1,0,2.29,,,
2021,P7,10,2,3.4065,2,A,1,0,2.71,,,
2021,P7,10,3,3.6993,2,A,1,0,1.84,,,
2021,P7,10,4,3.2307,2,A,1,0,2.7,,,
2021,P7,11,1,1.1825,3,A,0,0,0.47,,,
2021,P7,11,2,1.5921,3,B,0,0,0.33,,,
2021,P7,11,3,0.9205,3,A,0,0,0.11,,,
2021,P7,11,4,0.7893,3,A,0,0,0.29,,,
2021,P7,12,1,4.2126,3,B,0,0,1.33,,,
2021,P7,12,2,3.8175,3,B,0,0,1.63,,,
2021,P7,12,3,3.5476,3,A,0,0,1.27,,,
2021,P7,12,4,3.4831,3,A,0,0,1.57,,,
2021,P7,13,1,3.9318,3,A,1,1,2.1,,,
2021,P7,13,2,3.4769,3,C,1,1,1.56,,,
2021,P7,13,3,3.2332,3,A,1,1,1.58,,,
2021,P7,13,4,3.6996,3,A,1,1,1.87,,,
2021,P7,14,1,4.533,3,A,2,1,2.56,,,
2021,P7,14,2,6.721,3,B,2,1,2.59,,,
2021,P7,14,3,4.4875,3,A,2,1,2.49,,,
2021,P7,14,4,4.7305,3,A,2,1,2.2,,,
2021,P7,15,1,1.3091,4,A,0,0,0.18,,,
2021,P7,15,2,0.4917,4,A,0,0,0.1,,,
2021,P7,15,3,0.798,4,C,0,0,0.15,,,
2021,P7,15,4,0.717,4,A,0,0,0.17,,,
2021,P7,16,1,2.8966,4,B,1,0,1.4,,,
2021,P7,16,2,2.8246,4,A,1,0,1.83,,,
2021,P7,16,3,3.489,4,A,1,0,1.59,,,
2021,P7,16,4,4.2155,4,A,1,0,1.59,,,
2021,P7,17,1,2.6772,4,A,1,0,1.34,,,
2021,P7,17,2,3.8419,4,A,1,0,2.03,,,
2021,P7,17,3,4.0816,4,B,1,0,1.81,,,
2021,P7,17,4,5.7487,4,A,1,0,2.17,,,
2021,P7,18,1,3.5603,4,A,0,1,1.81,,,
2021,P7,18,2,4.2576,4,A,0,1,2.23,,,
2021,P7,18,3,4.8642,4,B,0,1,2.04,,,
2021,P7,18,4,4.8196,4,A,0,1,1.99,,,
2021,P8,1,1,0.5258,1,A,0,0,0.71,,,
2021,P8,1,2,0.0968,1,A,0,0,0.17,,,
2021,P8,1,3,0.35,1,A,0,0,0.06,,,
2021,P8,1,4,0,1,B,0,0,0.17,,,
2021,P8,2,1,0.9021,1,B,0,0,0.49,,,
2021,P8,2,2,0.9035,1,B,0,0,0.45,,,
2021,P8,2,3,0.3084,1,A,0,0,0.49,,,
2021,P8,2,4,0.5215,1,A,0,0,0.49,,,
2021,P8,3,1,3.3735,1,D,0,0,1.86,,,
2021,P8,3,2,3.5182,1,C,0,0,1.52,,,
2021,P8,3,3,2.6024,1,B,0,0,1.24,,,
2021,P8,3,4,2.3167,1,B,0,0,1.26,,,
2021,P8,4,1,4.8503,1,A,0,0,3.83,,,
2021,P8,4,2,4.2385,1,B,0,0,1.74,,,
2021,P8,4,3,4.2113,1,B,0,0,1.84,,,
2021,P8,4,4,3.0111,1,B,0,0,1.1,,,
2021,P8,5,1,5.3057,1,B,1,0,3.1,,,
2021,P8,5,2,5.9786,1,B,1,0,3.04,,,
2021,P8,5,3,4.1442,1,A,1,0,2.47,,,
2021,P8,5,4,3.2063,1,A,1,0,1.94,,,
2021,P8,6,1,4.492,1,A,1.5,0,5.67,,,
2021,P8,6,2,4.4206,1,A,1.5,0,3.23,,,
2021,P8,6,3,5.2632,1,A,1.5,0,3.32,,,
2021,P8,6,4,4.3082,1,A,1.5,0,4.08,,,
2021,P8,7,1,4.978,1,A,2,0,2.79,,,
2021,P8,7,2,5.7767,1,B,2,0,3.53,,,
2021,P8,7,3,6.015,1,C,2,0,4.32,,,
2021,P8,7,4,5.5856,1,C,2,0,4.9,,,
2021,P8,8,1,4.7479,1,C,3,1,4.05,,,
2021,P8,8,2,5.6322,1,B,3,1,5.21,,,
2021,P8,8,3,5.8212,1,A,3,1,5.04,,,
2021,P8,8,4,5.3319,1,A,3,1,4.21,,,
2021,P8,9,1,1.364,2,D,0,0,0.4,,,
2021,P8,9,2,0.8326,2,B,0,0,0.1,,,
2021,P8,9,3,1.4729,2,B,0,0,0.32,,,
2021,P8,9,4,1.1231,2,B,0,0,0.1,,,
2021,P8,10,1,3.5406,2,A,1,0,1.43,,,
2021,P8,10,2,4.9072,2,A,1,0,1.45,,,
2021,P8,10,3,3.5467,2,A,1,0,1.44,,,
2021,P8,10,4,3.0894,2,A,1,0,1.23,,,
2021,P8,11,1,4.362,2,A,1,0,2.27,,,
2021,P8,11,2,4.0326,2,C,1,0,1.63,,,
2021,P8,11,3,4.6072,2,B,1,0,2.23,,,
2021,P8,11,4,5.8031,2,B,1,0,2.24,,,
2021,P8,12,1,1.3391,3,B,0,0,0.26,,,
2021,P8,12,2,2.4049,3,D,0,0,0.47,,,
2021,P8,12,3,1.654,3,D,0,0,0.43,,,
2021,P8,12,4,1.6141,3,D,0,0,0.14,,,
2021,P8,13,1,2.3189,3,A,0,0,0.93,,,
2021,P8,13,2,2.5658,3,B,0,0,0.4,,,
2021,P8,13,3,3.7139,3,B,0,0,1.05,,,
2021,P8,13,4,4.138,3,C,0,0,0.86,,,
2021,P8,14,1,6.5413,3,D,1,0,1.84,,,
2021,P8,14,2,4.272,3,A,1,0,1.16,,,
2021,P8,14,3,6.8381,3,D,1,0,2.51,,,
2021,P8,14,4,7.9082,3,C,1,0,2.12,,,
2021,P8,15,1,1.4574,4,D,0,0,0.35,,,
2021,P8,15,2,1.8475,4,D,0,0,0.34,,,
2021,P8,15,3,1.0124,4,B,0,0,0.33,,,
2021,P8,15,4,1.0454,4,A,0,0,0.7,,,
2021,P8,16,1,3.5884,4,B,0,0,1.07,,,
2021,P8,16,2,2.2305,4,B,0,0,0.91,,,
2021,P8,16,3,1.6904,4,A,0,0,0.47,,,
2021,P8,16,4,3.7211,4,D,0,0,0.8,,,
2022,P1,1,1,1.0351,1,A,0,0,0.27,,,
2022,P1,1,2,1.2749,1,A,0,0,0.27,,,
2022,P1,1,3,1.1309,1,A,0,0,0.24,,,
2022,P1,1,4,1.6623,1,A,0,0,0.36,,,
2022,P1,2,1,3.3002,1,A,1,0,0.94,,,
2022,P1,2,2,4.174,1,A,1,0,1.53,,,
2022,P1,2,3,3.6639,1,A,1,0,0.74,,,
2022,P1,2,4,3.6594,1,B,1,0,1.54,,,
2022,P1,3,1,5.5701,1,A,1,0,1.7,,,
2022,P1,3,2,5.246,1,B,1,0,1.92,,,
2022,P1,3,3,6.5993,1,A,1,0,1.66,,,
2022,P1,3,4,5.0435,1,A,1,0,2.1,,,
2022,P1,4,1,5.9945,1,A,1,0,3.24,,,
2022,P1,4,2,6.0369,1,A,1,0,1.92,,,
2022,P1,4,3,5.6438,1,A,1,0,2.76,,,
2022,P1,4,4,5.9309,1,A,1,0,2.55,,,
2022,P1,5,1,7.3263,1,A,2,0,4.51,,,
2022,P1,5,2,7.6352,1,A,2,0,3.75,,,
2022,P1,5,3,5.9963,1,A,2,0,3.43,,,
2022,P1,5,4,6.7496,1,A,2,0,4.48,,,
2022,P1,6,1,8.5357,1,A,4,3,6.29,,,
2022,P1,6,2,7.8398,1,A,4,3,4.18,,,
2022,P1,6,3,7.6531,1,A,4,3,4.56,,,
2022,P1,6,4,6.7755,1,B,4,3,4.4,,,
2022,P1,7,1,9.7042,1,A,5,3,7.12,,,
2022,P1,7,2,7.3504,1,A,5,3,6.21,,,
2022,P1,7,3,9.3195,1,A,5,3,6.82,,,
2022,P1,7,4,11.5621,1,A,5,3,6.78,,,
2022,P1,8,1,8.7561,1,A,6,3,7.23,,,
2022,P1,8,2,8.3213,1,A,6,3,6.52,,,
2022,P1,8,3,6.3442,1,A,6,3,6.48,,,
2022,P1,8,4,11.0807,1,A,6,3,7.6,,,
2022,P1,9,1,9.1494,1,A,6,3,5.08,,,
2022,P1,9,2,9.235,1,A,6,3,7.54,,,
2022,P1,9,3,12.4153,1,B,6,3,6.77,,,
2022,P1,9,4,8.6479,1,B,6,3,5.9,,,
2022,P1,10,1,0.7404,2,A,0,0,0.01,,,
2022,P1,10,2,0.5663,2,A,0,0,0.1,,,
2022,P1,10,3,0.4948,2,A,0,0,0,,,
2022,P1,10,4,0.5202,2,A,0,0,0.1,,,
2022,P1,11,1,2.3842,2,A,1,0,0.71,,,
2022,P1,11,2,2.4657,2,A,1,0,0.74,,,
2022,P1,11,3,2.2515,2,A,1,0,0.54,,,
2022,P1,11,4,2.2003,2,A,1,0,0.57,,,
2022,P1,12,1,2.6488,2,A,1,0,1.05,,,
2022,P1,12,2,2.9996,2,B,1,0,1.49,,,
2022,P1,12,3,2.9555,2,A,1,0,1.08,,,
2022,P1,12,4,3.6216,2,A,1,0,1.4,,,
2022,P1,13,1,1.0925,3,A,0,0,0.39,,,
2022,P1,13,2,0.5691,3,A,0,0,0.14,,,
2022,P1,13,3,0.8751,3,B,0,0,0.17,,,
2022,P1,13,4,0.9059,3,B,0,0,0.45,,,
2022,P1,14,1,4.8454,3,C,1,0,1.04,,,
2022,P1,14,2,3.6548,3,B,1,0,1.4,,,
2022,P1,14,3,3.7576,3,B,1,0,1.3,,,
2022,P1,14,4,3.9966,3,C,1,0,1,,,
2022,P1,15,1,5.1723,3,A,1,2,3.31,,,
2022,P1,15,2,6.5941,3,B,1,2,2.85,,,
2022,P1,15,3,8.5603,3,C,1,2,2.89,,,
2022,P1,15,4,8.4655,3,C,1.5,2,3.47,,,
2022,P1,16,1,1.2137,4,A,0,0,0.39,,,
2022,P1,16,2,1.0087,4,A,0,0,0.4,,,
2022,P1,16,3,1.0777,4,A,0,0,0.21,,,
2022,P1,16,4,0.8297,4,A,0,0,0.34,,,
2022,P1,17,1,3.3371,4,A,1,0,0.53,,,
2022,P1,17,2,3.9052,4,A,1,0,1.31,,,
2022,P1,17,3,3.078,4,A,1,0,1.24,,,
2022,P1,17,4,2.2659,4,A,1,0,0.87,,,
2022,P1,18,1,3.1543,4,B,1,0,0.9,,,
2022,P1,18,2,3.7915,4,A,1,0,1.53,,,
2022,P1,18,3,3.1731,4,A,1,0,0.92,,,
2022,P1,18,4,3.5917,4,B,1,0,0.94,,,
2022,P2,1,1,2.4193,1,A,1,0,0.69,,,
2022,P2,1,2,2.1303,1,A,1,0,1.01,,,
2022,P2,1,3,1.3358,1,A,1,0,0.67,,,
2022,P2,1,4,2.725,1,A,1,0,1.07,,,
2022,P2,2,1,3.615,1,A,1,0,1.42,,,
2022,P2,2,2,4.1183,1,A,1,0,1.75,,,
2022,P2,2,3,1.871,1,A,1,0,0.57,,,
2022,P2,2,4,4.0391,1,A,1,0,1.59,,,
2022,P2,3,1,4.5327,1,A,1,0,1.96,,,
2022,P2,3,2,3.1449,1,A,1,0,1.35,,,
2022,P2,3,3,5.9787,1,A,1,0,2.86,,,
2022,P2,3,4,4.3339,1,A,1,0,2.37,,,
2022,P2,4,1,6.1901,1,A,2,0,6.39,,,
2022,P2,4,2,5.4167,1,A,1.5,0,4.27,,,
2022,P2,4,3,4.3702,1,A,2,0,2.57,,,
2022,P2,4,4,5.0219,1,A,2,0,3.5,,,
2022,P2,5,1,6.5478,1,A,3,0,5.71,,,
2022,P2,5,2,4.395,1,A,3,0,4.22,,,
2022,P2,5,3,4.3195,1,A,3,0,5.02,,,
2022,P2,5,4,4.6497,1,A,3,0,5.92,,,
2022,P2,6,1,6.779,1,A,4,2,4.32,,,
2022,P2,6,2,4.0947,1,A,4,2,5.81,,,
2022,P2,6,3,2.9422,1,A,4.5,2,4.75,,,
2022,P2,6,4,4.3116,1,A,4.5,2,5.82,,,
2022,P2,7,1,0.9073,2,A,0,0,0.1,,,
2022,P2,7,2,0.7467,2,A,0,0,0.1,,,
2022,P2,7,3,0.292,2,A,0,0,0.1,,,
2022,P2,7,4,0.6136,2,A,0,0,0,,,
2022,P2,8,1,1.7911,2,A,1,0,0.48,,,
2022,P2,8,2,1.4939,2,A,1,0,0.38,,,
2022,P2,8,3,1.3279,2,A,1,0,0.51,,,
2022,P2,8,4,1.5055,2,A,1,0,0.57,,,
2022,P2,9,1,2.2648,2,A,1.5,0,1.32,,,
2022,P2,9,2,1.9211,2,A,1.5,0,0.39,,,
2022,P2,9,3,2.6124,2,A,1.5,0,0.96,,,
2022,P2,9,4,2.0211,2,A,1.5,0,0.9,,,
2022,P2,10,1,2.3251,2,A,2.5,0,1.75,,,
2022,P2,10,2,1.5416,2,A,1.5,0,0.89,,,
2022,P2,10,3,1.5684,2,A,1,0,0.73,,,
2022,P2,10,4,1.2885,2,A,1.5,0,0.7,,,
2022,P2,11,1,0.689,3,A,0,0,0.2,,,
2022,P2,11,2,0.4001,3,A,0,0,0.16,,,
2022,P2,11,3,0.4898,3,A,0,0,0.2,,,
2022,P2,11,4,0.608,3,A,0,0,0.26,,,
2022,P2,12,1,3.9027,3,A,1,0,0.59,,,
2022,P2,12,2,2.9395,3,A,1,0,0.85,,,
2022,P2,12,3,2.752,3,A,1,0,1.05,,,
2022,P2,12,4,2.8185,3,A,1,0,0.89,,,
2022,P2,13,1,5.5194,3,A,2.5,0,3.31,,,
2022,P2,13,2,4.4804,3,A,2.5,0,2.09,,,
2022,P2,13,3,4.3808,3,A,1,0,1.65,,,
2022,P2,13,4,4.2777,3,A,2.5,0,4.01,,,
2022,P2,14,1,2.0009,4,A,0,0,0.31,,,
2022,P2,14,2,1.3313,4,A,0,0,0.43,,,
2022,P2,14,3,1.4358,4,A,0,0,0.34,,,
2022,P2,14,4,1.7171,4,A,0,0,0.44,,,
2022,P2,15,1,3.1999,4,A,1,0,0.97,,,
2022,P2,15,2,3.4427,4,A,1,0,0.89,,,
2022,P2,15,3,2.3338,4,A,0,0,0.54,,,
2022,P2,15,4,3.4227,4,A,1,0,1.09,,,
2022,P2,16,1,3.6169,4,A,1,0,1.21,,,
2022,P2,16,2,3.4075,4,A,1,0,0.89,,,
2022,P2,16,3,1.5453,4,A,0,0,0.47,,,
2022,P2,16,4,3.6942,4,A,1,0,0.81,,,
2022,P3,1,1,0.2176,1,B,0,0,0.14,,,
2022,P3,1,2,0.1565,1,C,0,0,0.05,,,
2022,P3,1,3,0.1068,1,B,0,0,0.03,,,
2022,P3,1,4,0.2086,1,C,0,0,0.1,,,
2022,P3,2,1,0.335,1,B,0,0,0.1,,,
2022,P3,2,2,0.5988,1,B,0,0,0.1,,,
2022,P3,2,3,0.466,1,C,0,0,0.11,,,
2022,P3,2,4,0.4751,1,C,0,0,0.14,,,
2022,P3,3,1,0.8414,1,B,0,0,0.15,,,
2022,P3,3,2,0.4262,1,B,0,0,0.1,,,
2022,P3,3,3,0.3738,1,C,0,0,0.1,,,
2022,P3,3,4,0.4247,1,B,0,0,0.09,,,
2022,P3,4,1,1.0237,1,C,0,0,0.01,,,
2022,P3,4,2,1.9728,1,C,0,0,0.27,,,
2022,P3,4,3,2.0139,1,C,0,0,0.25,,,
2022,P3,4,4,1.7571,1,C,0,0,0.16,,,
2022,P3,5,1,3.8406,1,C,1,0,1.06,,,
2022,P3,5,2,2.7771,1,A,1,0,0.66,,,
2022,P3,5,3,3.5141,1,C,1,0,0.8,,,
2022,P3,5,4,2.6523,1,B,1,0,0.41,,,
2022,P3,6,1,5.2017,1,C,1.5,0,1.45,,,
2022,P3,6,2,4.9866,1,C,1.5,0,1.33,,,
2022,P3,6,3,5.2981,1,C,1.5,0,1.84,,,
2022,P3,6,4,4.5793,1,C,1.5,0,2.21,,,
2022,P3,7,1,5.9508,1,C,3.5,0,2.24,,,
2022,P3,7,2,7.845,1,C,3.5,0,3.51,,,
2022,P3,7,3,5.8844,1,C,3.5,0,2.29,,,
2022,P3,7,4,5.8072,1,B,3.5,0,1.99,,,
2022,P3,8,1,5.1913,1,A,4,0,2.58,,,
2022,P3,8,2,6.7405,1,C,4,0,4.14,,,
2022,P3,8,3,6.8378,1,C,4,0,2.58,,,
2022,P3,8,4,4.8611,1,C,4,0,2.42,,,
2022,P3,9,1,5.955,1,C,4,1,2.68,,,
2022,P3,9,2,5.9872,1,B,4,1,3.14,,,
2022,P3,9,3,5.3443,1,C,4,1,3.25,,,
2022,P3,9,4,5.5864,1,B,4,1,3.35,,,
2022,P3,10,1,7.0943,1,C,5,1,4.03,,,
2022,P3,10,2,8.4115,1,A,5,1,5,,,
2022,P3,10,3,6.3803,1,A,5,1,5.17,,,
2022,P3,10,4,5.0467,1,B,5,1,2.79,,,
2022,P3,11,1,1.5287,2,B,0,0,0.24,,,
2022,P3,11,2,1.3633,2,B,0,0,0.1,,,
2022,P3,11,3,1.4922,2,C,0,0,0.25,,,
2022,P3,11,4,1.1609,2,C,0,0,0.13,,,
2022,P3,12,1,3.2692,2,C,1,0,1.06,,,
2022,P3,12,2,3.3729,2,C,1,0,0.86,,,
2022,P3,12,3,3.1169,2,B,1,0,1.12,,,
2022,P3,12,4,2.722,2,A,1,0,0.77,,,
2022,P3,13,1,4.3782,2,C,1,0,1.77,,,
2022,P3,13,2,3.2613,2,B,1,0,1.56,,,
2022,P3,13,3,4.945,2,C,1,0,1.21,,,
2022,P3,13,4,3.6229,2,C,1,0,1.64,,,
2022,P3,14,1,2.23,3,B,1,0,0.5,,,
2022,P3,14,2,2.7215,3,C,1,0,0.41,,,
2022,P3,14,3,2.0031,3,B,1,0,0.36,,,
2022,P3,14,4,2.4386,3,C,1,0,0.48,,,
2022,P3,15,1,6.4438,3,C,1,0,2.1,,,
2022,P3,15,2,6.3612,3,C,1,0,1.96,,,
2022,P3,15,3,5.1598,3,C,1,0,1.46,,,
2022,P3,15,4,6.2705,3,B,1,0,1.55,,,
2022,P3,16,1,6.3695,3,B,1,0,2.09,,,
2022,P3,16,2,5.9189,3,B,1,0,1.9,,,
2022,P3,16,3,5.6102,3,B,1,0,2.13,,,
2022,P3,16,4,3.683,3,B,1,0,1.49,,,
2022,P3,17,1,6.0727,3,B,1,0,1.31,,,
2022,P3,17,2,5.3329,3,C,1,0,1.05,,,
2022,P3,17,3,0.7352,4,A,0,0,0.09,,,
2022,P3,17,4,0.48,4,A,0,0,0.12,,,
2022,P3,18,1,0.8125,4,B,0,0,0.1,,,
2022,P3,18,2,1.5501,4,B,0,0,0.26,,,
2022,P3,18,3,1.0751,4,B,0,0,0.25,,,
2022,P3,18,4,1.1645,4,B,0,0,0.04,,,
2022,P4,1,1,0.1217,1,C,0,0,0.1,,,
2022,P4,1,2,0.1017,1,C,0,0,0.1,,,
2022,P4,1,3,0.1463,1,A,0,0,0,,,
2022,P4,1,4,0.1598,1,A,0,0,0,,,
2022,P4,2,1,0.6284,1,C,0,0,0.04,,,
2022,P4,2,2,0.7012,1,C,0,0,0.1,,,
2022,P4,2,3,0.5144,1,A,0,0,0.05,,,
2022,P4,2,4,0.5823,1,C,0,0,0.07,,,
2022,P4,3,1,0.4969,1,C,0,0,0.29,,,
2022,P4,3,2,1.5748,1,B,0,0,0.22,,,
2022,P4,3,3,1.2725,1,A,0,0,0.23,,,
2022,P4,3,4,1.6589,1,A,0,0,0.38,,,
2022,P4,4,1,2.2752,1,B,0,0,0.32,,,
2022,P4,4,2,2.0561,1,D,0,0,0.21,,,
2022,P4,4,3,3.1784,1,B,0,0,0.49,,,
2022,P4,4,4,2.6305,1,B,0,0,0.5,,,
2022,P4,5,1,3.1206,1,B,1,0,1.21,,,
2022,P4,5,2,3.7201,1,A,1,0,1.36,,,
2022,P4,5,3,4.2681,1,B,1,0,0.82,,,
2022,P4,5,4,3.386,1,B,1,0,0.75,,,
2022,P4,6,1,4.4017,1,A,3.5,0,2.47,,,
2022,P4,6,2,5.1556,1,A,3.5,0,2.42,,,
2022,P4,6,3,5.9365,1,A,3.5,0,2.78,,,
2022,P4,6,4,4.0463,1,C,3.5,0,1.3,,,
2022,P4,7,1,5.705,1,C,3.5,0,2.83,,,
2022,P4,7,2,4.964,1,C,3.5,0,2.45,,,
2022,P4,7,3,7.2495,1,C,3.5,0,3.73,,,
2022,P4,7,4,6.5683,1,B,3.5,0,3.24,,,
2022,P4,8,1,8.2169,1,A,4,0,3.23,,,
2022,P4,8,2,7.8095,1,C,4,0,3.34,,,
2022,P4,8,3,8.8598,1,A,4,0,3.02,,,
2022,P4,8,4,5.9236,1,B,4,0,2.43,,,
2022,P4,9,1,7.35,1,B,4,1,3.85,,,
2022,P4,9,2,7.6555,1,B,4,1,4.26,,,
2022,P4,9,3,7.1343,1,A,4,1,4.68,,,
2022,P4,9,4,8.1081,1,B,4,1,3.33,,,
2022,P4,10,1,5.9908,1,A,5,1,5.67,,,
2022,P4,10,2,8.0591,1,C,5,1,5.56,,,
2022,P4,10,3,6.8543,1,B,5,1,5.03,,,
2022,P4,10,4,6.6986,1,A,5,1,5.4,,,
2022,P4,11,1,8.5226,1,A,6.5,3,6.24,,,
2022,P4,11,2,8.111,1,A,6.5,3,5.42,,,
2022,P4,11,3,9.2365,1,A,6.5,3,7.58,,,
2022,P4,11,4,6.7023,1,A,6.5,3,5.27,,,
2022,P4,12,1,0.3011,2,A,0,0,0.11,,,
2022,P4,12,2,0.3858,2,C,0,0,0.16,,,
2022,P4,12,3,0.784,2,A,0,0,0.14,,,
2022,P4,12,4,0.737,2,A,0,0,0.08,,,
2022,P4,13,1,3.3484,2,C,1,0,1.15,,,
2022,P4,13,2,2.7748,2,B,1,0,0.89,,,
2022,P4,13,3,2.5696,2,C,1,0,0.68,,,
2022,P4,13,4,2.9167,2,C,1,0,1.06,,,
2022,P4,14,1,4.0501,2,B,1,0,1.7,,,
2022,P4,14,2,4.6757,2,B,1,0,1.78,,,
2022,P4,14,3,4.7493,2,B,1,0,1.85,,,
2022,P4,14,4,3.661,2,A,1,0,1.18,,,
2022,P4,15,1,5.0155,2,C,1,0,2.66,,,
2022,P4,15,2,6.6919,2,B,1,0,2.75,,,
2022,P4,15,3,7.0247,2,A,1,0,2.54,,,
2022,P4,15,4,5.1687,2,B,1,0,2.3,,,
2022,P4,16,1,1.2952,3,B,0,0,0.31,,,
2022,P4,16,2,1.5434,3,C,0,0,0.53,,,
2022,P4,16,3,1.6935,3,C,0,0,0.52,,,
2022,P4,16,4,1.9285,3,B,0,0,0.37,,,
2022,P4,17,1,4.7985,3,A,1,0,1.41,,,
2022,P4,17,2,5.3416,3,B,1,0,1.75,,,
2022,P4,17,3,4.0232,3,A,1,0,1.24,,,
2022,P4,17,4,5.379,3,C,1,0,1.56,,,
2022,P4,18,1,4.8685,3,B,1,0,1.51,,,
2022,P4,18,2,6.5513,3,A,1,0,1.67,,,
2022,P4,18,3,4.9373,3,B,1,0,1.76,,,
2022,P4,18,4,5.7311,3,A,1,0,1.54,,,
2022,P4,19,1,1.4362,4,A,0,0,0.31,,,
2022,P4,19,2,0.8857,4,A,0,0,0.18,,,
2022,P4,19,3,1.0091,4,A,0,0,0.28,,,
2022,P4,19,4,1.1352,4,A,0,0,0.23,,,
2022,P5,1,1,0.1865,1,A,0,0,0,,,
2022,P5,1,2,0.1961,1,A,0,0,0,,,
2022,P5,1,3,0.1454,1,B,0,0,0,,,
2022,P5,1,4,0.4786,1,B,0,0,0,,,
2022,P5,2,1,1.3378,1,C,0,0,0.29,,,
2022,P5,2,2,2.9009,1,B,0,0,0.75,,,
2022,P5,2,3,1.0492,1,C,0,0,0.04,,,
2022,P5,2,4,1.5799,1,C,0,0,0.29,,,
2022,P5,3,1,2.4535,1,C,1,0,0.61,,,
2022,P5,3,2,3.3427,1,B,1,0,0.57,,,
2022,P5,3,3,2.5023,1,C,1,0,0.53,,,
2022,P5,3,4,2.1851,1,A,1,0,0.31,,,
2022,P5,4,1,3.7734,1,C,1,0,0.83,,,
2022,P5,4,2,3.3334,1,C,1,0,0.57,,,
2022,P5,4,3,3.5023,1,C,1,0,0.87,,,
2022,P5,4,4,4.5947,1,B,1,0,1.24,,,
2022,P5,5,1,6.617,1,B,1,0,2.41,,,
2022,P5,5,2,6.5692,1,C,1.5,0,2.97,,,
2022,P5,5,3,5.9499,1,A,1.5,0,2.7,,,
2022,P5,5,4,6.6268,1,C,1.5,0,3.34,,,
2022,P5,6,1,7.4993,1,C,2.5,0,4.12,,,
2022,P5,6,2,7.6152,1,C,2.5,0,3.61,,,
2022,P5,6,3,8.1197,1,B,2.5,0,3.93,,,
2022,P5,6,4,5.5844,1,B,2.5,0,3.81,,,
2022,P5,7,1,7.6895,1,C,4,1,3.66,,,
2022,P5,7,2,7.1461,1,B,4,1,4.67,,,
2022,P5,7,3,8.0199,1,B,4,1,5.42,,,
2022,P5,7,4,8.1007,1,C,4,1,5.44,,,
2022,P5,8,1,2.4695,2,C,0,0,0.6,,,
2022,P5,8,2,1.8995,2,C,0,0,0.65,,,
2022,P5,8,3,2.4543,2,C,0,0,0.44,,,
2022,P5,8,4,1.9704,2,C,0,0,0.55,,,
2022,P5,9,1,4.7295,2,B,1,0,2.02,,,
2022,P5,9,2,4.0547,2,C,1,0,1.59,,,
2022,P5,9,3,5.9735,2,C,1,0,2.28,,,
2022,P5,9,4,5.8684,2,B,1,0,1.61,,,
2022,P5,10,1,4.7108,2,C,1.5,0,1.46,,,
2022,P5,10,2,5.8915,2,B,1.5,0,2.79,,,
2022,P5,10,3,6.045,2,C,1,0,2.57,,,
2022,P5,10,4,5.7881,2,B,1,0,2.94,,,
2022,P5,11,1,0.7954,3,B,0,0,0.34,,,
2022,P5,11,2,0.9517,3,B,0,0,0.23,,,
2022,P5,11,3,1.1173,3,C,0,0,0.29,,,
2022,P5,11,4,1.2575,3,A,0,0,0.57,,,
2022,P5,12,1,3.3875,3,C,1,0,0.64,,,
2022,P5,12,2,3.4529,3,B,1,0,0.84,,,
2022,P5,12,3,4.0722,3,C,1,0,0.93,,,
2022,P5,12,4,3.8983,3,C,1,0,0.94,,,
2022,P5,13,1,4.816,3,B,1,0,1.86,,,
2022,P5,13,2,5.3712,3,C,1,0,2.21,,,
2022,P5,13,3,5.2462,3,C,1,0,2.63,,,
2022,P5,13,4,6.7671,3,C,1,0,2.84,,,
2022,P5,14,1,0.9085,4,C,0,0,0.12,,,
2022,P5,14,2,1.0269,4,C,0,0,0.08,,,
2022,P5,14,3,1.016,4,C,0,0,0.27,,,
2022,P5,14,4,0.9966,4,C,0,0,0.36,,,
2022,P5,15,1,0.8116,4,B,0,0,0.08,,,
2022,P5,15,2,0.8513,4,A,0,0,0.14,,,
2022,P5,15,3,1.479,4,B,0,0,0.12,,,
2022,P5,15,4,0.809,4,C,0,0,0.34,,,
2022,P5,16,1,1.7018,4,C,0,0,0.32,,,
2022,P5,16,2,1.563,4,C,0,0,0.23,,,
2022,P5,16,3,1.7125,4,B,0,0,0.24,,,
2022,P5,16,4,1.3053,4,C,0,0,0.46,,,
2022,P7,1,1,2.3,1,B,1,0,0.56,,,
2022,P7,1,2,2.0118,1,B,1,0,0.58,,,
2022,P7,1,3,1.7758,1,B,1,0,0.4,,,
2022,P7,1,4,1.9379,1,A,1,0,0.5,,,
2022,P7,2,1,5.5459,1,C,1,0,2.01,,,
2022,P7,2,2,3.0493,1,B,1,0,1.29,,,
2022,P7,2,3,3.8658,1,C,1,0,1.23,,,
2022,P7,2,4,3.2902,1,A,1,0,1.34,,,
2022,P7,3,1,5.3968,1,B,1,0,2.56,,,
2022,P7,3,2,4.8774,1,A,1,0,1.81,,,
2022,P7,3,3,4.1734,1,A,1,0,2.04,,,
2022,P7,3,4,4.1662,1,B,1,0,1.9,,,
2022,P7,4,1,5.0574,1,A,1.5,0,2.89,,,
2022,P7,4,2,4.9865,1,B,1.5,0,3.34,,,
2022,P7,4,3,4.8774,1,C,1.5,0,2.53,,,
2022,P7,4,4,3.9774,1,A,1.5,0,2.08,,,
2022,P7,5,1,3.891,1,A,2,0,2.31,,,
2022,P7,5,2,4.2636,1,A,2,0,3.35,,,
2022,P7,5,3,5.6563,1,C,2,0,3.91,,,
2022,P7,5,4,4.5176,1,A,2,0,3.93,,,
2022,P7,6,1,5.4167,1,A,3.5,1,4.08,,,
2022,P7,6,2,6.8086,1,A,3.5,1,5.92,,,
2022,P7,6,3,6.1751,1,B,3.5,1,4.39,,,
2022,P7,6,4,5.9267,1,B,3.5,1,3.5,,,
2022,P7,7,1,5.4742,1,A,5,2,4.22,,,
2022,P7,7,2,6.3843,1,A,5,2,5.7,,,
2022,P7,7,3,8.148,1,A,5,2,4.68,,,
2022,P7,7,4,6.4367,1,B,5,2,5.96,,,
2022,P7,8,1,6.6391,1,A,6,3,6.26,,,
2022,P7,8,2,7.7493,1,A,6,3,6.32,,,
2022,P7,8,3,6.9793,1,A,6,3,4.88,,,
2022,P7,8,4,4.5133,1,A,6,3,6.6,,,
2022,P7,9,1,0.5432,2,A,0,0,0.1,,,
2022,P7,9,2,0.6417,2,B,0,0,0.1,,,
2022,P7,9,3,0.6085,2,D,0,0,0.15,,,
2022,P7,9,4,0.5355,2,D,0,0,0.01,,,
2022,P7,10,1,2.6564,2,A,1,0,0.78,,,
2022,P7,10,2,2.8506,2,B,1,0,1.27,,,
2022,P7,10,3,2.7019,2,B,1,0,0.64,,,
2022,P7,10,4,3.0804,2,B,1,0,0.72,,,
2022,P7,11,1,0.6804,3,B,0,0,0.25,,,
2022,P7,11,2,0.9802,3,A,0,0,0.16,,,
2022,P7,11,3,0.9525,3,C,0,0,0.25,,,
2022,P7,11,4,1.306,3,A,0,0,0.27,,,
2022,P7,12,1,1.304,3,C,1,0,0.36,,,
2022,P7,12,2,0.8391,3,B,0,0,0.15,,,
2022,P7,12,3,1.4403,3,C,0,0,0.49,,,
2022,P7,12,4,1.0369,3,C,0,0,0.25,,,
2022,P7,13,1,2.9204,3,A,1,0,0.55,,,
2022,P7,13,2,3.2108,3,C,1,0,0.72,,,
2022,P7,13,3,2.7233,3,C,1,0,1.05,,,
2022,P7,13,4,3.4623,3,A,1,0,0.94,,,
2022,P7,14,1,6.6901,3,B,1,1,2.42,,,
2022,P7,14,2,5.2094,3,B,1,1,1.9,,,
2022,P7,14,3,4.1264,3,A,1,1,1.51,,,
2022,P7,14,4,4.6828,3,C,1,1,1.94,,,
2022,P7,15,1,1.1569,4,A,0,0,0.25,,,
2022,P7,15,2,1.0696,4,C,0,0,0.3,,,
2022,P7,15,3,1.0307,4,B,0,0,0.36,,,
2022,P7,15,4,1.1913,4,A,0,0,0.41,,,
2022,P7,16,1,4.1443,4,A,1,0,1.16,,,
2022,P7,16,2,3.8295,4,B,1,0,1.51,,,
2022,P7,16,3,3.1945,4,A,1,0,0.9,,,
2022,P7,16,4,4.6195,4,B,1,0,1.58,,,
2022,P7,17,1,3.9817,4,A,1,0,1.51,,,
2022,P7,17,2,3.7802,4,B,1,0,1.2,,,
2022,P7,17,3,3.8365,4,A,1,0,1.16,,,
2022,P7,17,4,5.1993,4,A,1,0,1.69,,,
2022,P8,1,1,0.2926,1,A,0,0,0,,,
2022,P8,1,2,0.2742,1,A,0,0,0.1,,,
2022,P8,1,3,0.411,1,A,0,0,0.1,,,
2022,P8,1,4,0.3812,1,B,0,0,0.1,,,
2022,P8,2,1,1.7817,1,B,0,0,0.05,,,
2022,P8,2,2,2.5653,1,B,0,0,0.51,,,
2022,P8,2,3,1.06,1,B,0,0,0.08,,,
2022,P8,2,4,0.9815,1,B,0,0,0.03,,,
2022,P8,3,1,1.3623,1,B,0,0,0.19,,,
2022,P8,3,2,1.5105,1,B,0,0,0.19,,,
2022,P8,3,3,2.1898,1,B,0,0,0.16,,,
2022,P8,3,4,2.1743,1,A,0,0,0.42,,,
2022,P8,4,1,3.802,1,B,1,0,1.18,,,
2022,P8,4,2,3.7425,1,B,1,0,0.91,,,
2022,P8,4,3,3.7206,1,B,1,0,1.01,,,
2022,P8,4,4,3.7995,1,D,1,0,1.04,,,
2022,P8,5,1,4.0729,1,B,1,0,1.34,,,
2022,P8,5,2,4.2027,1,A,1,0,1.09,,,
2022,P8,5,3,6.6599,1,B,1,0,2.45,,,
2022,P8,5,4,5.9138,1,C,1,0,1.91,,,
2022,P8,6,1,5.0497,1,A,2.5,1,3.19,,,
2022,P8,6,2,7.1748,1,B,2.5,1,2.99,,,
2022,P8,6,3,5.4173,1,B,3,1,2.83,,,
2022,P8,6,4,5.3804,1,B,3.5,1,3.41,,,
2022,P8,7,1,6.6701,1,A,3.5,1,4.04,,,
2022,P8,7,2,9.7529,1,A,3.5,1,3.51,,,
2022,P8,7,3,6.975,1,B,4,1,3.75,,,
2022,P8,7,4,9.594,1,B,4,1,4.45,,,
2022,P8,8,1,7.7844,1,B,3.5,1,4.27,,,
2022,P8,8,2,7.0049,1,A,4,1,4.48,,,
2022,P8,8,3,5.3646,1,B,4,1,4.01,,,
2022,P8,8,4,8.3238,1,A,4,1,4.92,,,
2022,P8,9,1,10.0517,1,A,5,3,7.01,,,
2022,P8,9,2,12.4257,1,A,5,3,5.01,,,
2022,P8,9,3,6.8829,1,C,5,3,4.22,,,
2022,P8,9,4,9.9615,1,A,5,3,5.3,,,
2022,P8,10,1,1.1728,2,C,0,0,0.05,,,
2022,P8,10,2,1.3629,2,D,0,0,0.4,,,
2022,P8,10,3,1.7943,2,C,0,0,0.24,,,
2022,P8,10,4,1.5558,2,B,0,0,0.39,,,
2022,P8,11,1,4.3215,2,B,1,0,1.41,,,
2022,P8,11,2,4.8997,2,D,1,0,1.24,,,
2022,P8,11,3,4.4351,2,B,1,0,1.42,,,
2022,P8,11,4,4.5765,2,C,1,0,1.65,,,
2022,P8,12,1,5.1606,2,B,1,0,1.51,,,
2022,P8,12,2,4.3568,2,C,1,0,1.37,,,
2022,P8,12,3,4.7331,2,C,1,0,1.68,,,
2022,P8,12,4,4.954,2,B,1,0,1.57,,,
2022,P8,13,1,0.8249,3,C,0,0,0.26,,,
2022,P8,13,2,1.3449,3,A,0,0,0.35,,,
2022,P8,13,3,1.0294,3,A,0,0,0.22,,,
2022,P8,13,4,0.7312,3,A,0,0,0.15,,,
2022,P8,14,1,2.9102,3,C,1,0,0.69,,,
2022,P8,14,2,3.107,3,C,1,0,0.74,,,
2022,P8,14,3,3.1318,3,B,1,0,0.86,,,
2022,P8,14,4,3.2734,3,C,1,0,0.79,,,
2022,P8,15,1,6.7616,3,B,1,2,2.08,,,
2022,P8,15,2,6.367,3,A,1,2,2.33,,,
2022,P8,15,3,8.5223,3,A,1,2,2.49,,,
2022,P8,15,4,6.0029,3,B,1,2,2.12,,,
2022,P8,16,1,5.1915,3,C,1,2,1.76,,,
2022,P8,16,2,6.359,3,B,1,2,3.54,,,
2022,P8,16,3,5.0613,3,A,1,2,3.15,,,
2022,P8,16,4,4.4408,3,C,1,2,2.02,,,
2022,P8,17,1,0.316,4,A,0,0,0.1,,,
2022,P8,17,2,0.3662,4,A,0,0,0.1,,,
2022,P8,17,3,0.6139,4,A,0,0,0.06,,,
2022,P8,17,4,0.7296,4,A,0,0,0.19,,,
2022,P8,18,1,3.7282,4,D,0,0,0.37,,,
2022,P8,18,2,2.5258,4,C,0,0,0.49,,,
2022,P8,18,3,1.8156,4,B,0,0,0.18,,,
2022,P8,18,4,1.8335,4,C,0,0,0.3,,,
2022,P9,1,1,1.0929,1,B,0,0,0.08,,,
2022,P9,1,2,0.6865,1,B,0,0,0.11,,,
2022,P9,1,3,1.2197,1,A,0,0,0.05,,,
2022,P9,1,4,0.4622,1,A,0,0,0.05,,,
2022,P9,2,1,1.8629,1,A,0,0,0.44,,,
2022,P9,2,2,1.4374,1,B,0,0,0.35,,,
2022,P9,2,3,1.7596,1,B,0,0,0.25,,,
2022,P9,2,4,1.9559,1,A,0,0,0.51,,,
2022,P9,3,1,2.8835,1,A,1,0,0.31,,,
2022,P9,3,2,3.0011,1,A,1,0,0.69,,,
2022,P9,3,3,4.2308,1,A,1,0,1.36,,,
2022,P9,3,4,4.1664,1,A,1,0,1.46,,,
2022,P9,4,1,4.661,1,B,1,0,2.05,,,
2022,P9,4,2,4.3403,1,A,1,0,2.31,,,
2022,P9,4,3,3.5813,1,C,1,0,1.43,,,
2022,P9,4,4,3.807,1,A,1,0,1.32,,,
2022,P9,5,1,6.6778,1,A,1.5,0,3.15,,,
2022,P9,5,2,5.7489,1,C,1.5,0,3.4,,,
2022,P9,5,3,6.7887,1,B,1.5,0,2.83,,,
2022,P9,5,4,6.134,1,A,1.5,0,3.45,,,
2022,P9,6,1,1.0713,2,C,0,0,0.1,,,
2022,P9,6,2,0.7692,2,B,0,0,0.08,,,
2022,P9,6,3,0.9038,2,B,0,0,0.2,,,
2022,P9,6,4,0.5157,2,B,0,0,0.05,,,
2022,P9,7,1,4.8343,2,B,1,0,1.21,,,
2022,P9,7,2,3.8744,2,A,1,0,0.84,,,
2022,P9,7,3,3.6139,2,A,1,0,0.8,,,
2022,P9,7,4,4.2802,2,A,1,0,1.05,,,
2022,P9,8,1,5.7237,2,C,1,0,2.84,,,
2022,P9,8,2,5.9188,2,A,1,0,2.63,,,
2022,P9,8,3,4.836,2,B,1,0,2.59,,,
2022,P9,8,4,5.0232,2,B,1,0,2.15,,,
2022,P9,9,1,1.939,3,A,0,0,0.23,,,
2022,P9,9,2,2.0558,3,A,0,0,0.41,,,
2022,P9,9,3,1.1847,3,A,0,0,0.3,,,
2022,P9,9,4,0.9169,3,B,0,0,0.01,,,
2022,P9,10,1,2.4706,3,B,1,0,0.69,,,
2022,P9,10,2,2.0711,3,A,1,0,0.9,,,
2022,P9,10,3,2.2606,3,C,1,0,1.33,,,
2022,P9,10,4,3.1271,3,B,1,0,1.17,,,
2022,P9,11,1,3.1265,3,C,1,0,0.63,,,
2022,P9,11,2,2.5486,3,C,1,0,0.85,,,
2022,P9,11,3,3.5813,3,B,1,0,1.3,,,
2022,P9,11,4,4.259,3,C,1,0,1.26,,,
2022,P9,12,1,2.0393,4,A,1,0,0.35,,,
2022,P9,12,2,2.3301,4,B,1,0,0.57,,,
2022,P9,12,3,2.5184,4,C,1,0,0.68,,,
2022,P9,12,4,1.8225,4,C,1,0,0.31,,,
2022,P9,13,1,3.7046,4,C,1,0,1.22,,,
2022,P9,13,2,3.5292,4,B,1,0,0.86,,,
2022,P9,13,3,4.3699,4,C,1,0,1.34,,,
2022,P9,13,4,4.6362,4,B,1,0,1.4,,,
2022,P9,14,1,5.1208,4,B,1,0,1.88,,,
2022,P9,14,2,4.6987,4,B,1,0,1.51,,,
2022,P9,14,3,7.6452,4,C,1,0,2.01,,,
2022,P9,14,4,6.6835,4,C,1,0,1.79,,,
2022,P9,15,1,1.3328,4,A,0,0,0.23,,,
2022,P9,15,2,0.954,4,A,0,0,0.28,,,
2022,P9,15,3,1.5574,4,A,0,0,0.39,,,
2022,P9,15,4,1.3762,4,A,0,0,0.37,,,